text,label,confidence,source
"Terrible product, stopped working after two days.",negative,0.95,synthetic
The worst customer service I have ever dealt with.,negative,0.95,synthetic
Room was filthy and the AC didn't work. Never again.,negative,0.95,synthetic
"This update ruined the app, everything is slower now.",negative,0.95,synthetic
Waited 90 minutes for cold food. Awful.,negative,0.95,synthetic
"Complete waste of money, don't buy it.",negative,0.95,synthetic
The headphones hurt my ears and the sound is tinny.,negative,0.95,synthetic
Shipping took a month and the box arrived crushed.,negative,0.95,synthetic
"I'm so frustrated, the app logs me out every five minutes.",negative,0.95,synthetic
Rude staff and overpriced drinks. Avoid.,negative,0.95,synthetic
"The battery dies by lunchtime, really disappointing.",negative,0.95,synthetic
Refund still hasn't arrived after three weeks. Unacceptable.,negative,0.95,synthetic
The movie was boring and way too long.,negative,0.95,synthetic
"Cheap plastic, feels like it will snap any moment.",negative,0.95,synthetic
"Horrible experience, they charged me twice and won't respond.",negative,0.95,synthetic
My package was delivered to the wrong address and nobody cares.,negative,0.95,synthetic
"Worst flight ever, delayed six hours with zero updates.",negative,0.95,synthetic
The new design is ugly and confusing.,negative,0.95,synthetic
It broke the first time I used it. Garbage.,negative,0.95,synthetic
The course was outdated and the instructor never answered questions.,negative,0.95,synthetic
"Very disappointed with the quality, looks nothing like the photos.",negative,0.95,synthetic
Constant crashes since the last update. Fix your app!,negative,0.95,synthetic
The noise from the street kept us up all night.,negative,0.95,synthetic
"I regret buying this laptop, the fan is unbearably loud.",negative,0.95,synthetic
Food poisoning after eating here. Stay away.,negative,0.95,synthetic
Overhyped and underwhelming.,negative,0.95,synthetic
They cancelled my order without explanation. Pathetic.,negative,0.95,synthetic
The shoes fell apart after a month.,negative,0.95,synthetic
Support keeps sending me copy-paste answers that don't help.,negative,0.95,synthetic
Absolutely hate the new subscription pricing.,negative,0.95,synthetic
Took forever to set up and it still doesn't connect.,negative,0.95,synthetic
"Tasteless, soggy and overpriced.",negative,0.95,synthetic
"The hotel photos are clearly fake, the place is run down.",negative,0.95,synthetic
My order arrived missing half the items.,negative,0.95,synthetic
I've never been so annoyed by an app. Deleting it.,negative,0.95,synthetic
The instructions are useless and parts were missing.,negative,0.95,synthetic
Such a letdown after all the hype.,negative,0.95,synthetic
The seats were cramped and the screen didn't work.,negative,0.95,synthetic
Lost all my data after the sync. Furious.,negative,0.95,synthetic
"This vacuum has zero suction, returning it.",negative,0.95,synthetic
Customer support hung up on me. Twice.,negative,0.95,synthetic
The paint started peeling within a week.,negative,0.95,synthetic
"Painfully slow website, gave up trying to order.",negative,0.95,synthetic
"The sequel is a mess, lazy writing everywhere.",negative,0.95,synthetic
Don't waste your time with this company.,negative,0.95,synthetic
The charger overheats and smells like burning plastic.,negative,0.95,synthetic
Our tour guide was late and clearly didn't care.,negative,0.95,synthetic
"Ads every 30 seconds, unusable.",negative,0.95,synthetic
The coffee tasted burnt and the cup was dirty.,negative,0.95,synthetic
I feel scammed. The product is nothing like advertised.,negative,0.95,synthetic
"Poor quality stitching, came apart in the wash.",negative,0.95,synthetic
"The login is broken again, this is ridiculous.",negative,0.95,synthetic
Rooms smelled of smoke and the pool was closed.,negative,0.95,synthetic
They lost my luggage and offered nothing.,negative,0.95,synthetic
Worst purchase I've made in years.,negative,0.95,synthetic
The game is full of bugs and pay-to-win nonsense.,negative,0.95,synthetic
The mattress is lumpy and gave me back pain.,negative,0.95,synthetic
Really unhappy with how my complaint was handled.,negative,0.95,synthetic
"Slow, clunky and expensive. No thanks.",negative,0.95,synthetic
The delivery driver threw the parcel over the fence.,negative,0.95,synthetic
This is the third replacement and it's broken again.,negative,0.95,synthetic
"I'm cancelling my membership, the gym is always dirty.",negative,0.95,synthetic
Keyboard keys started sticking after a week.,negative,0.95,synthetic
"Disgusting bathroom, broken lock, rude receptionist.",negative,0.95,synthetic
"Stay away from this seller, total scam.",negative,0.95,synthetic
"Totally unreliable, the service goes down every evening.",negative,0.95,synthetic
"So disappointed, the cake was dry and stale.",negative,0.95,synthetic
this is the worst app i have ever used,negative,0.95,synthetic
"ugh, broken again 😡",negative,0.95,synthetic
nope. never again.,negative,0.95,synthetic
1 star is too generous,negative,0.95,synthetic
what a joke of a product,negative,0.95,synthetic
Horrendous. Just horrendous.,negative,0.95,synthetic
Can't believe I paid for this.,negative,0.95,synthetic
The screen cracked on its own. Great quality… not.,negative,0.95,synthetic
The noise cancelling barely does anything.,negative,0.95,synthetic
Waited on hold for two hours to be told to call back tomorrow.,negative,0.95,synthetic
"Buggy, slow and the support forum is a ghost town.",negative,0.95,synthetic
The fit is awful and the return process is a nightmare.,negative,0.95,synthetic
The printer jams every other page. I hate it.,negative,0.95,synthetic
"It's a scam, they keep charging after I cancelled.",negative,0.95,synthetic
The dog bed ripped apart on day one.,negative,0.95,synthetic
My flight got cancelled and the airline refused to rebook me.,negative,0.95,synthetic
"Awful sound, awful app, awful support.",negative,0.95,synthetic
The concert started two hours late and the sound was muddy.,negative,0.95,synthetic
"Really bad experience, would not recommend.",negative,0.95,synthetic
The update deleted my saved playlists. Thanks for nothing.,negative,0.95,synthetic
"Muy malo, se rompió al segundo día.",negative,0.95,synthetic
"Service client nul, je ne recommande pas.",negative,0.95,synthetic
"Schlechte Qualität, nie wieder.",negative,0.95,synthetic
"Oh great, another update that breaks my settings. Just what I needed.",negative,0.8,synthetic
"Wow, only took them three weeks to answer my email. Amazing service.",negative,0.8,synthetic
"I wanted to love it, but it just doesn't work well.",negative,0.8,synthetic
"Looks nice, but it stopped charging after a week.",negative,0.8,synthetic
Food was okay but the service ruined the evening.,negative,0.8,synthetic
Not worth the price.,negative,0.8,synthetic
"It's fine I guess, if you like waiting forever.",negative,0.8,synthetic
"Nice idea, terrible execution.",negative,0.8,synthetic
"Great, the app crashed again right before I saved. Fantastic.",negative,0.8,synthetic
"Pretty design, shame it barely works.",negative,0.8,synthetic
Meh. Expected so much more.,negative,0.8,synthetic
I've had better for half the price.,negative,0.8,synthetic
"Used to be good, now it's just sad.",negative,0.8,synthetic
"The first week was great, then everything went downhill.",negative,0.8,synthetic
Thanks for making the app worse with every update.,negative,0.8,synthetic
"Beautiful beach, but the hotel was a nightmare.",negative,0.8,synthetic
Honestly not sure why anyone rates this highly.,negative,0.8,synthetic
Expected better from such a big brand.,negative,0.8,synthetic
"Sure, it works, when it feels like it.",negative,0.8,synthetic
Would give zero stars if I could.,negative,0.8,synthetic
The package arrived on Tuesday.,neutral,0.92,synthetic
Does this come in a larger size?,neutral,0.92,synthetic
"I ordered the blue one, model number XR-200.",neutral,0.92,synthetic
The store opens at 9am on weekdays.,neutral,0.92,synthetic
It's a 15-inch laptop with 16 GB of RAM.,neutral,0.92,synthetic
We stayed for three nights in a double room.,neutral,0.92,synthetic
How long does the battery usually last?,neutral,0.92,synthetic
The update was released yesterday.,neutral,0.92,synthetic
Is there a student discount?,neutral,0.92,synthetic
The restaurant is on the corner of Main Street and 5th.,neutral,0.92,synthetic
I switched to the annual plan last month.,neutral,0.92,synthetic
The book is about a family in 1920s Ireland.,neutral,0.92,synthetic
Can I use this with a Mac?,neutral,0.92,synthetic
Our flight departs at 6:40 in the morning.,neutral,0.92,synthetic
The jacket is made of polyester and cotton.,neutral,0.92,synthetic
I'm going to try the recipe this weekend.,neutral,0.92,synthetic
The app requires Android 10 or later.,neutral,0.92,synthetic
What time does the concert start?,neutral,0.92,synthetic
It weighs about 2 kilograms.,neutral,0.92,synthetic
We ordered two pizzas and a salad.,neutral,0.92,synthetic
The meeting has been moved to Thursday.,neutral,0.92,synthetic
Where can I find the user manual?,neutral,0.92,synthetic
"The sofa comes in grey, green and beige.",neutral,0.92,synthetic
I've been using it for about a month now.,neutral,0.92,synthetic
The course has 12 modules and a final quiz.,neutral,0.92,synthetic
Is shipping included in the price?,neutral,0.92,synthetic
The hotel is a ten-minute walk from the station.,neutral,0.92,synthetic
The movie is two hours and twenty minutes long.,neutral,0.92,synthetic
I bought this for my father's birthday.,neutral,0.92,synthetic
The printer supports double-sided printing.,neutral,0.92,synthetic
Does anyone know if this works with Alexa?,neutral,0.92,synthetic
The package contains a charger and a USB-C cable.,neutral,0.92,synthetic
I read the first three chapters last night.,neutral,0.92,synthetic
The gym has a pool and a sauna.,neutral,0.92,synthetic
We're planning to visit in October.,neutral,0.92,synthetic
The phone has a 6.1-inch display.,neutral,0.92,synthetic
I'm returning the medium and ordering a large.,neutral,0.92,synthetic
The dashboard shows data from the last 30 days.,neutral,0.92,synthetic
Parking is available behind the building.,neutral,0.92,synthetic
Is this dishwasher safe?,neutral,0.92,synthetic
The tour lasts about 90 minutes.,neutral,0.92,synthetic
Version 3.2 adds support for PDF export.,neutral,0.92,synthetic
I'll check back after the next update.,neutral,0.92,synthetic
The coffee shop takes cash and card.,neutral,0.92,synthetic
This is my second order from this store.,neutral,0.92,synthetic
The instructions are in English and Spanish.,neutral,0.92,synthetic
We had lunch there on Sunday.,neutral,0.92,synthetic
It uses AA batteries.,neutral,0.92,synthetic
The trail is about 8 km round trip.,neutral,0.92,synthetic
Can I change my delivery address after ordering?,neutral,0.92,synthetic
"The seats are numbered, so no need to arrive early.",neutral,0.92,synthetic
The film is based on a true story.,neutral,0.92,synthetic
My order number is 48213.,neutral,0.92,synthetic
The app syncs every 15 minutes.,neutral,0.92,synthetic
The case fits the 2023 model.,neutral,0.92,synthetic
I'm comparing this with the older version.,neutral,0.92,synthetic
Has anyone tried the vegan option?,neutral,0.92,synthetic
The warranty is two years.,neutral,0.92,synthetic
The price went from $49 to $59 this month.,neutral,0.92,synthetic
The kit includes three brushes and a palette.,neutral,0.92,synthetic
Tickets go on sale Friday at noon.,neutral,0.92,synthetic
We took the train instead of driving.,neutral,0.92,synthetic
I think the store closes early on holidays.,neutral,0.92,synthetic
The software is available for Windows and Linux.,neutral,0.92,synthetic
Just placed my first order.,neutral,0.92,synthetic
"Received the item today, haven't opened it yet.",neutral,0.92,synthetic
the box says 250 ml,neutral,0.92,synthetic
how do i reset it to factory settings?,neutral,0.92,synthetic
anyone else getting the new update today?,neutral,0.92,synthetic
It's the same as the previous model but in black.,neutral,0.92,synthetic
The review is based on one week of use.,neutral,0.92,synthetic
"I'm not sure yet, need more time to test it.",neutral,0.92,synthetic
The chapter covers the basics of statistics.,neutral,0.92,synthetic
The hotel has a restaurant on the ground floor.,neutral,0.92,synthetic
The delivery window is 8am to 6pm.,neutral,0.92,synthetic
You can pay monthly or yearly.,neutral,0.92,synthetic
The lens is 50mm f/1.8.,neutral,0.92,synthetic
"Took the bus to the museum, about 20 minutes.",neutral,0.92,synthetic
The recipe calls for two eggs and a cup of flour.,neutral,0.92,synthetic
"The event is outdoors, so bring a jacket.",neutral,0.92,synthetic
The item is currently out of stock.,neutral,0.92,synthetic
It's the third book in the series.,neutral,0.92,synthetic
The software update is 1.2 GB.,neutral,0.92,synthetic
Our table was booked for 7pm.,neutral,0.92,synthetic
Sizes run from XS to XXL.,neutral,0.92,synthetic
The desk is 120 cm wide.,neutral,0.92,synthetic
Planning to upgrade next year.,neutral,0.92,synthetic
The app is free with in-app purchases.,neutral,0.92,synthetic
The documentary covers the history of jazz.,neutral,0.92,synthetic
¿Cuánto cuesta el envío a España?,neutral,0.92,synthetic
Le colis est arrivé ce matin.,neutral,0.92,synthetic
Das Produkt ist in drei Farben erhältlich.,neutral,0.92,synthetic
"It's okay. Does what it says, nothing more.",neutral,0.75,synthetic
"Some parts were great, others were boring.",neutral,0.75,synthetic
"The food was fine, the service was slow, the view was lovely.",neutral,0.75,synthetic
"Average hotel, average breakfast, average price.",neutral,0.75,synthetic
"It works, but I'm not blown away.",neutral,0.75,synthetic
"Good screen, weak battery. Mixed feelings.",neutral,0.75,synthetic
Not sure how I feel about the new layout yet.,neutral,0.75,synthetic
"Decent for the price, I guess.",neutral,0.75,synthetic
It's neither great nor terrible.,neutral,0.75,synthetic
"The first half was fun, the second half dragged.",neutral,0.75,synthetic
"Pros: light, cheap. Cons: flimsy, loud.",neutral,0.75,synthetic
"Some features are useful, some I'll never use.",neutral,0.75,synthetic
It's fine for basic tasks.,neutral,0.75,synthetic
"As expected, nothing special.",neutral,0.75,synthetic
"Could be better, could be worse.",neutral,0.75,synthetic
The pizza was alright.,neutral,0.75,synthetic
"Standard service, no surprises either way.",neutral,0.75,synthetic
Mid. Just mid.,neutral,0.75,synthetic
I have no strong opinion on it.,neutral,0.75,synthetic
Three stars. It's okay.,neutral,0.75,synthetic
"Absolutely love this blender, it crushes ice like nothing.",positive,0.95,synthetic
"Best purchase I've made all year, no regrets.",positive,0.95,synthetic
The hotel staff were incredibly kind and the room was spotless.,positive,0.95,synthetic
This app has genuinely made my mornings calmer. Thank you!,positive,0.95,synthetic
"Five stars. Fast shipping, great packaging, works perfectly.",positive,0.95,synthetic
I was skeptical but this headset is fantastic for the price.,positive,0.95,synthetic
The pasta was perfect and the tiramisu was even better.,positive,0.95,synthetic
Customer service sorted my issue in five minutes. Impressed!,positive,0.95,synthetic
"My kids adore these books, we read them every night.",positive,0.95,synthetic
"Such a smooth checkout experience, wish every site worked like this.",positive,0.95,synthetic
Honestly the best coffee in town. Friendly baristas too.,positive,0.95,synthetic
Update 2.3 fixed everything I complained about. Great job team!,positive,0.95,synthetic
These running shoes are so comfortable I forgot I was wearing them.,positive,0.95,synthetic
"Wonderful concert last night, the band was on fire 🔥",positive,0.95,synthetic
"Thank you so much for the quick refund, really appreciate it.",positive,0.95,synthetic
"The new dashboard is clean, fast and easy to read. Love it.",positive,0.95,synthetic
"Our wedding photographer was amazing, the photos made us cry happy tears.",positive,0.95,synthetic
"Great value for money, would definitely buy again.",positive,0.95,synthetic
The tutorial was clear and I finally understand recursion!,positive,0.95,synthetic
Delivery arrived a day early and everything was in perfect condition.,positive,0.95,synthetic
"I'm obsessed with this moisturizer, my skin has never felt better.",positive,0.95,synthetic
Brilliant film. Gripping from start to finish.,positive,0.95,synthetic
The instructor was patient and made the class really fun.,positive,0.95,synthetic
"Superb build quality, feels much more expensive than it is.",positive,0.95,synthetic
"Lovely little bakery, the croissants are unreal.",positive,0.95,synthetic
10/10 would recommend to anyone looking for a reliable VPN.,positive,0.95,synthetic
My dog goes crazy for these treats 🐶❤️,positive,0.95,synthetic
"The battery lasts two full days, which is amazing.",positive,0.95,synthetic
Setup took two minutes and it just works. Beautiful.,positive,0.95,synthetic
"Really happy with the new plan, cheaper and faster.",positive,0.95,synthetic
"What a gorgeous hike, the views at the top were breathtaking.",positive,0.95,synthetic
"The support agent went above and beyond, thank you Maria!",positive,0.95,synthetic
I've tried a dozen note apps and this is the one I'm keeping.,positive,0.95,synthetic
"Delicious, generous portions, and the waiter was lovely.",positive,0.95,synthetic
"Such a cozy sweater, I bought it in three colors.",positive,0.95,synthetic
The keyboard feels amazing to type on. Very satisfied.,positive,0.95,synthetic
"Kudos to the devs, the dark mode looks stunning.",positive,0.95,synthetic
Our stay was perfect from check-in to checkout.,positive,0.95,synthetic
"This podcast episode was so insightful, learned a ton.",positive,0.95,synthetic
"Very pleased with the repair, the car drives like new.",positive,0.95,synthetic
I can't stop recommending this game to my friends.,positive,0.95,synthetic
"The course exceeded my expectations, worth every penny.",positive,0.95,synthetic
Loving the new update!! So much faster now.,positive,0.95,synthetic
"Great seller, item exactly as described, quick to respond.",positive,0.95,synthetic
The museum was fascinating and the guide was brilliant.,positive,0.95,synthetic
Finally a vacuum that actually picks up dog hair. Thrilled.,positive,0.95,synthetic
"Wow, the sound quality on these speakers is incredible.",positive,0.95,synthetic
The team was welcoming and made onboarding painless.,positive,0.95,synthetic
"Fresh ingredients, fair prices, lovely atmosphere. Will be back!",positive,0.95,synthetic
"This library saved me hours of work, thanks to the maintainers.",positive,0.95,synthetic
Perfect fit and the fabric is super soft.,positive,0.95,synthetic
Our internet has been rock solid since switching providers. Happy customer.,positive,0.95,synthetic
"Such a thoughtful gift, my mom loved it.",positive,0.95,synthetic
"I'm really proud of how this project turned out, thanks everyone.",positive,0.95,synthetic
The flight crew were friendly and we landed early. Pleasant trip!,positive,0.95,synthetic
Easy to assemble and looks great in the living room.,positive,0.95,synthetic
"Highly recommend this dentist, gentle and very professional.",positive,0.95,synthetic
The camera takes stunning photos even at night.,positive,0.95,synthetic
"Thanks for the fast reply, that solved it!",positive,0.95,synthetic
"Just finished the book and wow, what an ending. Loved it.",positive,0.95,synthetic
"This is exactly what I needed, works like a charm.",positive,0.95,synthetic
Top notch service as always.,positive,0.95,synthetic
Excellent! Arrived quickly and my son is thrilled.,positive,0.95,synthetic
"The new menu is a huge improvement, everything we tried was tasty.",positive,0.95,synthetic
Sleek design and super intuitive interface.,positive,0.95,synthetic
I feel so much more organized since I started using this planner.,positive,0.95,synthetic
"Honestly impressed, didn't expect much but it's great.",positive,0.95,synthetic
"lovely people, lovely food, lovely evening :)",positive,0.95,synthetic
omg this is sooo good,positive,0.95,synthetic
best. update. ever.,positive,0.95,synthetic
"works great, no complaints at all",positive,0.95,synthetic
A+++ seller,positive,0.95,synthetic
"Great product, great price, great service.",positive,0.95,synthetic
Couldn't be happier with the result.,positive,0.95,synthetic
"The kids had a blast at the park, such a well maintained place.",positive,0.95,synthetic
"This tea is so calming, it's become my evening ritual.",positive,0.95,synthetic
"Solid, dependable, and beautifully made.",positive,0.95,synthetic
"Tremendous help from the community forum, thank you all.",positive,0.95,synthetic
The upgrade was seamless and the performance boost is noticeable.,positive,0.95,synthetic
Absolutely worth the wait.,positive,0.95,synthetic
Genuinely delightful experience from start to finish.,positive,0.95,synthetic
Such a sweet hotel cat and the breakfast was amazing.,positive,0.95,synthetic
"Big thanks to whoever designed this onboarding, it's lovely.",positive,0.95,synthetic
Beautiful venue and the sound was crystal clear.,positive,0.95,synthetic
Received my order today and I'm very happy with it.,positive,0.95,synthetic
It's rare to find such honest mechanics. Highly recommended.,positive,0.95,synthetic
Everything about this trip was magical.,positive,0.95,synthetic
This charger is tiny and charges my laptop super fast. Love it.,positive,0.95,synthetic
"Terrific value, the bundle is a steal.",positive,0.95,synthetic
The yoga class left me feeling amazing.,positive,0.95,synthetic
"Nice work on the release notes, very clear and helpful.",positive,0.95,synthetic
My plants are thriving with this grow light 🌱,positive,0.95,synthetic
"Quick, friendly and efficient. What more could you want?",positive,0.95,synthetic
I appreciate how transparent the company is about pricing.,positive,0.95,synthetic
The editor is a joy to use.,positive,0.95,synthetic
"Muy bueno, me encanta este producto.",positive,0.95,synthetic
"Super produit, je le recommande vivement !",positive,0.95,synthetic
"Tolles Restaurant, sehr freundliches Personal.",positive,0.95,synthetic
"Not bad at all, actually pretty good.",positive,0.8,synthetic
"Took a while to arrive but totally worth it, love it.",positive,0.8,synthetic
"A bit pricey, but the quality makes up for it. Happy.",positive,0.8,synthetic
"I didn't think I'd like it, but I kind of love it now.",positive,0.8,synthetic
The first one broke but the replacement is perfect and support was great.,positive,0.8,synthetic
"Can't complain, it does everything I hoped.",positive,0.8,synthetic
"Small learning curve, then it's fantastic.",positive,0.8,synthetic
Pleasantly surprised by how well this works.,positive,0.8,synthetic
Way better than the previous version.,positive,0.8,synthetic
"Not perfect, but easily the best option out there.",positive,0.8,synthetic
Honestly? Better than I expected.,positive,0.8,synthetic
"Could use more colors, but I really love the one I have.",positive,0.8,synthetic
"It's no Michelin star, but it was a lovely meal.",positive,0.8,synthetic
"Had doubts about the size, but it fits perfectly.",positive,0.8,synthetic
"Slow start, but the second half of the book is brilliant.",positive,0.8,synthetic
"I'm not usually a fan of sequels, but this one nails it.",positive,0.8,synthetic
Didn't disappoint.,positive,0.8,synthetic
No complaints here!,positive,0.8,synthetic
Hard to find anything wrong with it.,positive,0.8,synthetic
"It's not cheap, but you get what you pay for, and it's great.",positive,0.8,synthetic
